Date,Temperature ©,Turbidity (mg/l),pH,Dissolved Oxygen (mg/l),Dissolved Solids (mg/l)
16-04-12,23,18,7.19,3.5,368
1/1/2013,16,42.15,7.45,3.8,265
2/1/2013,16,46.7,7.99,2.5,269
3/1/2013,16,47.15,8.05,2.3,248
4/1/2013,10,22,8.18,4.6,199
5/1/2013,11,35,8.4,3.8,280
7/1/2013,10,28,8.41,4.2,181
9/1/2013,12,34.8,8.6,3.6,254
13-01-13,13,30.2,7.99,3.1,267
14-01-13,12,32.7,8.3,3.6,255
15-01-13,12,34.7,8.5,3.9,270
20-01-13,14,50.2,8.18,3.4,254
21-01-13,13,49.3,8.34,2.4,256
23-01-13,14,65,8.4,2.4,242
24-01-13,14,56,8.3,3,256
26-01-13,14,60,8.44,3,257
27-01-13,12,66,8.44,2.4,255
29-01-13,11.3,30.84,8.9,7,250
30-01-13,21,13,8.13,3.6,165
31-01-13,13,34,8.8,3.6,272
1/2/2013,14,30.35,8.42,3.6,252
7/2/2013,13,330,8.4,5.5,271
9/2/2013,13,202,8.35,3.6,245
12/2/2013,14,94,8.44,4.8,280
13-02-13,12,89,8.25,2.5,160
14-02-13,14,70,8.53,3.6,289
15-02-13,13.5,74.7,8.42,3.7,202
16-02-13,14,52.7,8.36,4.8,298
18-02-13,13,60,8.46,4.8,219
19-02-13,14,50.2,8.41,2,190
20-02-13,12,55.2,8.24,2.3,172
22-02-13,12,45.26,8.12,2.4,148
23-02-13,13,49.15,8.4,3.3,280
24-02-13,15,30,8.32,3.3,177
26-02-13,12,35.2,8.25,2.7,192
27-02-13,12,40.7,8.3,2.1,180
28-02-13,12,43.2,8.08,2.7,204
2/3/2013,13,48,8.15,2.8,213
3/3/2013,14,54,8.15,2.3,219
4/3/2013,13,38,8.25,2.8,249
6/3/2013,16,45,8.18,2.8,195
8/3/2013,16,42,8.35,2.7,219
11/3/2013,16,54,8.2,2.2,204
14-03-13,17,98,8.35,3.9,189
19-03-13,16,50,8.18,2.4,199
20-03-13,16,60,8.4,3.3,230
21-03-13,15,54,8.1,3.2,214
22-03-13,16,38,8.24,3.8,199
23-03-13,16,48,8.3,2.9,227
24-03-13,16,64.2,8.3,2.3,247
26-03-13,16,64.2,8.9,2.9,209
27-03-13,16,52.7,8.18,2.7,198
28-03-13,16,63,8.25,2.3,209
29-03-13,13,40,8.45,2.3,235
5/4/2013,14,8,8.2,3.1,154
7/4/2013,16,16.2,8.7,3.5,168
11/4/2013,18.7,7.2,8.54,5,232
12/4/2013,18,12.7,8.4,3.7,185
14-04-13,19,16.78,8.36,4.6,182
15-04-13,19,18.25,8.54,4.5,162
16-04-13,20,14.76,8.4,4.7,169
17-04-13,19,12.7,8.56,3.6,195
19-04-13,20,8.2,8.2,2.1,155
20-04-13,21,9.12,8.17,2.4,171
24-04-13,19,13.7,8.3,3.7,230
25-04-13,20,17.25,8.4,4.7,220
28-04-13,20,10.3,8.36,4.8,245
30-04-13,18,12,8.18,4.9,235
3/5/2013,19,13.2,8.21,4.2,248
7/5/2013,19,14.2,8.48,4.5,245
11/5/2013,21.5,8,8.4,2.6,215
14-05-13,22,16.7,8.3,3.7,245
16-05-13,20,19.7,8.14,4.2,213
17-05-13,24,17,8.05,4.7,202
18-05-13,23,20,8.7,4.5,207
21-05-13,24,17.48,8.14,4.9,210
24-05-13,24,12.7,8.2,3.7,195
27-05-13,26,19.2,8.4,2.6,165
28-05-13,24,16.7,8.15,3.4,223
30-05-13,27,20.28,8.4,2.4,240
1/6/2013,24,23.2,8.24,4.6,224
2/6/2013,23,21.7,8.1,4.5,209
3/6/2013,24,22,8.56,4.9,224
4/6/2013,24,26,8.3,3.9,245
5/6/2013,24,21.2,8.46,2.6,155
8/6/2013,29,23,8.4,2.9,223
10/6/2013,26,25.12,8.31,2.9,120
11/6/2013,24,26.12,8.16,2.3,155
12/6/2013,26,24.2,8.4,2.4,145
14-06-13,26,28.34,8.9,2.7,214
15-06-13,26,30.7,8.15,2.6,197
17-06-13,26,31.16,8.12,2.6,150
18-06-13,26,33.16,8.94,2.6,155
19-06-13,27,28.12,8.46,2.6,155
20-06-13,28,33.26,8.37,3.6,200
21-06-13,29,36,8.7,2.9,234
22-06-13,29,32,8.15,3.4,215
23-06-13,28,26.34,8.35,3.4,171
25-06-13,24,29.25,8.3,2.6,235
27-06-13,26,30.2,8.15,2.6,198
29-06-13,26,102,8.9,3.3,216
1/7/2013,26,80,8.18,3.3,242
3/7/2013,26,60,8.4,3.9,199
4/7/2013,26,55,8.3,3.3,168
7/7/2013,30,60,8.2,3.7,180
8/7/2013,30,70.2,8.4,3.3,202
9/7/2013,30,127,8.51,3.9,225
12/7/2013,29,132,8.4,3.4,239
14-07-13,29,70,8.4,3.9,230
16-07-13,29,127,8.45,4.5,222
19-07-13,29,60,8.45,4.9,195
22-07-13,28,168,8.5,4.2,255
24-07-13,29,136,8.3,4.5,235
25-07-13,29,242,8.45,4.3,240
30-07-13,29,53,8.35,4.9,188
2/8/2013,29,110,8.52,4.9,245
8/8/2013,27,50,8.35,4.3,169
10/8/2013,27,30,8.35,4.1,224
12/8/2013,28,48,8.5,4.4,245
15-08-13,29,320,8.3,4.8,234
16-08-13,29,205,8.78,4.5,245
18-08-13,28,130,8.4,4.3,238
19-08-13,28,114,8.25,4.8,198
21-08-13,28,195,8.28,4.3,235
23-08-13,28,90,8.2,4.9,235
24-08-13,28,96,8.4,4.5,213
25-08-13,28,78,8.3,4.8,224
28-08-13,28,54,8.3,4.1,218
2/9/2013,28,42,8.3,4.5,209
3/9/2013,27,39,8.42,4.1,206
5/9/2013,27,38,8.21,4.7,217
6/9/2013,27,35,8.45,4.2,209
7/9/2013,27,32,8.2,4.5,207
9/9/2013,27,22,8.14,4.1,208
11/9/2013,27,40,8.35,3.9,220
16-09-13,25.3,48,8.14,2.7,220
18-09-13,25,41.2,8.4,2.6,206
19-09-13,25,38,8.38,2.3,208
21-09-13,26,30,8.23,3.9,223
23-09-13,25,25,8.78,3.7,213
24-09-13,25.3,26.16,8.49,3.4,215
25-09-13,25,23,8.23,3.8,197
26-09-13,26,20,8.21,3.2,221
30-09-13,26,21,8.24,2.7,209
3/10/2013,26,9.2,8.85,2.3,275
5/10/2013,26,15,8.35,2.7,199
6/10/2013,26,10,8.1,3.1,210
7/10/2013,26,12,8.41,2.7,198
8/10/2013,26,15,8.14,2.2,218
11/10/2013,28,15,8.23,2.5,202
14-10-13,28,18.2,8.2,3.5,229
16-10-13,21,11,8.16,2.4,175
17-10-13,22,11.2,8.2,2.4,170
18-10-13,21,9.2,8.24,2.3,200
20-10-13,20,17,8.11,2.6,201
21-10-13,23,14,8.25,1.7,199
22-10-13,23.1,16,8.13,1.6,218
23-10-13,18,12,8.16,2.4,205
27-10-13,21,19,8.41,2.1,230
28-10-13,21,21,8.23,2.8,204
29-10-13,23,11,7.28,3.5,170
29-10-13,21,20,8.28,2.1,230
1/11/2013,21,27,8.2,2.1,213
2/11/2013,20,31,8.48,2.9,230
28-11-13,16.5,29,8.34,6.6,307
29-11-13,15.8,30,8.29,4.5,195
30-11-13,16,27,8.12,3.8,196
1/12/2013,16,29,8.16,3.9,192
3/12/2013,15,33,8.15,5.8,197
5/12/2013,15,28,8.18,5.7,203
6/12/2013,15,34,8.5,5.3,215
7/12/2013,15,31,8.21,5.8,186
8/12/2013,15,32,8.23,2.6,180
10/12/2013,14.8,33,8.4,5.8,195
11/12/2013,14.8,38,8.15,5.3,209
13-12-13,13.9,32,8.42,5.8,191
15-12-13,13,32,8.22,4.2,170
16-12-13,14,32,8.3,4.9,190
20-12-13,12.9,23,8.27,4.8,170
21-12-13,12.7,21,8.18,4.3,184
23-12-13,13,25,8.21,4.5,309
24-12-13,13,28,8.3,4.1,215
25-12-13,13,26,8.18,3.8,209
28-12-13,11,23,8.4,4.5,218
29-12-13,11,19.7,8.05,3.8,185
1/1/2014,10,26,8.42,4.5,280
2/1/2014,10,26,8.23,4.8,192
3/1/2014,10,28,8.45,4.3,228
5/1/2014,9,24,8.14,4.3,13
6/1/2014,10,21,8.07,3.8,169
8/1/2014,10,23,8.27,3.9,164
9/1/2014,10,25,8.4,4.2,180
10/1/2014,10,21,8.1,3.8,194
11/1/2014,10,27,8.29,3.8,209
12/1/2014,11,23,8.41,2.6,205
13-01-14,10,21,8.38,2.6,210
14-01-14,11,20,8.4,2.8,206
15-01-14,11,23.7,8.2,3.3,167
16-01-14,11,18,8.41,3.5,193
17-01-14,11,19,8.21,3.7,213
18-01-14,11,22,8.41,3.6,171
19-01-14,13,20,8.5,3.1,178
20-01-14,11,18.2,8.3,3.5,193
21-01-14,11,12,8.41,3.3,209
22-01-14,12.5,15,8.9,3.8,170
23-01-14,12,7,8.02,2.6,165
24-01-14,11,15,8.4,2.8,199
25-01-14,11,13,8.31,3.3,173
26-01-14,12.3,8.12,8.12,2.6,180
27-01-14,11,13,8.35,2.7,172
28-01-14,21,11,8.09,3.4,159
29-01-14,21,12,8.4,3.5,198
31-01-14,21,17,8.42,3.4,178
1/2/2014,16,14,8.35,3.6,183
2/2/2014,16,12.8,8.28,2.8,180
3/2/2014,13,19.35,8.54,3.4,176
4/2/2014,13,13,8.15,3.7,195
5/2/2014,12.2,9.2,8.2,2.8,200
6/2/2014,13,14,8.48,3.7,181
7/2/2014,13,18,8.44,3.6,198
8/2/2014,14,16,8.26,3.3,184
9/2/2014,12,12,8.7,2.8,170
10/2/2014,12,17,8.32,3.3,196
11/2/2014,13,15,8.52,3.6,191
12/2/2014,13,14,8.34,3.5,178
13-02-14,13,19,8.51,3.7,197
14-02-14,13,18,8.23,3.5,173
15-02-14,13,14.28,8.42,3.6,179
16-02-14,13,18,8.9,3.5,197
17-02-14,13,15.9,8.29,3.7,181
18-02-14,13,20,8.44,3.8,199
19-02-14,13,17,8.35,3.7,192
20-02-14,13,13.8,8.7,3.6,205
21-02-14,14,20,8.42,3.5,194
22-02-14,14,17.9,8.22,3.2,164
22-02-14,14,17.9,8.22,3.2,164
23-02-14,14,21,8.26,3.9,167
24-02-14,15,20,8.43,3.7,185
25-02-14,16,19.2,8.29,3.6,198
26-02-14,14,17,8.4,3.8,180
27-02-14,14,21,8.38,3.5,180
28-02-14,15,19,8.22,3.7,199
1/3/2014,14,22,8.5,3.8,209
2/3/2014,15,19,8.26,3.4,197
3/3/2014,15,20,8.34,3.8,181
4/3/2014,15,18,8.4,3.6,170
5/3/2014,18,18.16,8.38,2.8,165
6/3/2014,20,16,8.4,3.1,172
7/3/2014,20.2,15,8.32,3.1,182
8/3/2014,11.8,8.02,8.15,2.8,197
9/3/2014,21,7.4,8.07,2.6,170
10/3/2014,21.4,8.2,8.16,2.8,169
11/3/2014,18,17,8.41,2.7,192
11/3/2014,18,17,8.41,2.7,192
12/3/2014,14,18,8.54,3.6,163
13-03-14,17,60,8.46,3.9,199
15-03-14,17,67,8.32,3.2,202
16-03-14,17,53,8.46,3.4,172
17-03-14,17,45,8.24,3.7,181
19-03-14,20,56,8.25,3.6,204
20-03-14,20,84,8.47,3.3,196
21-03-14,20,35,8.27,3.9,197
22-03-14,20,32,8.38,3.6,180
23-03-14,14,40,8.2,3.7,189
25-03-14,16,27,8.14,3.7,167
26-03-14,17,35,8.29,3.8,198
27-03-14,16,43,8.32,3.3,174
28-03-14,17,43,8.2,3.9,193
29-03-14,17,48,8.84,3.8,199
30-03-14,17,42,8.26,3.6,181
31-03-14,20,35,8.32,3.3,192
1/4/2014,22,52,8.22,3.7,174
2/4/2014,22,46,8.32,3.6,195
3/4/2014,22,22.7,8.41,3.8,177
4/4/2014,23,28,8.2,3.4,168
5/4/2014,24,27.2,8.25,2.8,180
6/4/2014,21,21.53,8.23,2.3,176
7/4/2014,21,28,8.4,3.2,180
8/4/2014,22,30,8.18,3.5,195
9/4/2014,22,13,8.1,3.4,170
10/4/2014,17,18,130,3.4,10
11/4/2014,20,17,8.3,2.3,195
12/4/2014,25,20,8.12,3.1,193
13-04-14,25.6,16,8.18,3.1,168
14-04-14,19,20,8.33,3.3,171
15-04-14,20,22,8.18,3.5,193
16-04-14,22,25,8.3,3.6,178
17-04-14,22,21,8.25,3.9,195
18-04-14,21,18,8.14,3.6,173
19-04-14,19,23,8.42,3.8,192
20-04-14,19,25,8.38,3.5,136
21-04-14,20,21,8.2,3.4,173
22-04-14,19,20,8.14,3.8,184
24-04-14,20,30,8.35,3.7,198
25-04-14,20,28,8.32,3.6,192
26-04-14,20,24,8.16,2.8,180
27-04-14,20,28,8.41,3.3,198
28-04-14,25,26,8.25,3.8,191
28-04-14,19,25,8.31,3.4,189
29-04-14,25,30,8.28,3.4,187
30-04-14,25,29,8.41,3.9,178
1/5/2014,28,28,8.15,3.5,198
2/5/2014,28,25,8.35,3.6,185
3/5/2014,28,11,8.22,3.3,186
4/5/2014,28,22,8.4,3.8,193
5/5/2014,28,27,8.22,3.7,182
6/5/2014,28,30,8.15,3.5,191
7/5/2014,28,35,8.41,3.9,199
8/5/2014,28,27,8.21,3.5,192
9/5/2014,29,22,8.1,3.4,186
10/5/2014,29,35,8.27,3.8,219
11/5/2014,29,32,8.3,2.6,215
12/5/2014,20,23,8.18,2.9,220
13-05-14,29,27,8.2,3.1,236
14-05-14,30,24,8.14,2.9,203
15-05-14,30,26,8.18,2.6,180
16-05-14,28,24,8.2,2.8,170
17-05-14,29,26,8.16,2.8,180
18-05-14,30,24,8.2,2.8,170
19-05-14,30,28,8.12,2.1,185
20-05-14,30,25,8.3,2.8,180
21-05-14,30,26,8.18,2.8,183
22-05-14,28,30,8.46,2.2,230
23-05-14,30,28,8.14,1.8,180
24-05-14,30,26,8.2,2.3,165
25-05-14,28,26,8.12,2.8,180
26-05-14,28,29,8.18,2.4,172
27-05-14,28,40,8.33,3.3,186
28-05-14,28,22,8.15,3.6,198
29-05-14,28,26,8.2,2.2,180
30-05-14,28,29,8.32,2.9,197
31-05-14,28,26,8.19,3.7,182
1/6/2014,28,33,8.24,3.8,192
2/6/2014,22,26,8.11,3.4,190
3/6/2014,28,22,8.23,3.6,196
4/6/2014,28,20,8.31,3.5,187
5/6/2014,20,25,8.16,3.8,196
6/6/2014,28,28,8.27,3.7,187
7/6/2014,28,29,8.31,3.8,172
8/6/2014,28,22,8.14,2.8,175
9/6/2014,28,29,8.2,3.8,180
10/6/2014,28,22,8.15,3.4,170
11/6/2014,28,20,8.25,3.7,194
12/6/2014,28,25,8.33,3.6,189
13-06-14,28,20,8.15,3.5,198
14-06-14,28,26,8.23,3.9,195
15-06-14,28,23,8.22,3.5,194
16-06-14,28,20,8.35,3.8,184
17-06-14,28,22,8.22,3.5,196
18-06-14,26,26,7.38,3.8,222
19-06-14,26,23,8.08,3.4,220
20-06-14,26,18,8.18,3.5,199
21-06-14,26,23,8.25,3.8,210
22-06-14,24,16,8.32,2.9,238
23-06-14,22,18,8.16,2.6,228
24-06-14,23,21,8.35,3.6,199
25-06-14,23,18,3.27,3.9,197
26-06-14,23,20,8.09,3.8,199
27-06-14,23,18,8.24,3.2,208
28-06-14,23,16,8.08,3.5,218
29-06-14,24,19,8.23,3.6,174
30-06-14,24,21,8.3,3.6,187
1/7/2014,25,20,8.06,3.6,202
2/7/2014,25,25,8.22,3.8,218
3/7/2014,25,19,8.07,3.6,204
4/7/2014,25,21,8.1,3.4,215
5/7/2014,26,25,8.15,3.5,220
6/7/2014,26,22,8.25,3.6,216
7/7/2014,26,19,8.22,3.7,199
8/7/2014,27,16,8.16,3.2,180
9/7/2014,27,18,8.35,3.7,199
10/7/2014,29,21,8.41,3.4,205
11/7/2014,28,17,8.19,3.8,218
12/7/2014,28,20,8.32,3.8,198
13-07-14,28,25,8.15,3.3,184
14-07-14,28,28,8.44,3.9,204
15-07-14,28,22,8.23,3.6,185
16-07-14,27,25,8.25,3.8,204
17-07-14,27,19,8.41,3.4,193
18-07-14,27,25,8.32,3.8,198
19-07-14,26,23,8.11,3.6,205
20-07-14,28,22,8.7,3.7,212
21-07-14,27,28,8.25,3.3,274
22-07-14,27,23,8.4,3.6,224
23-07-14,27,20,8.22,3.7,198
24-07-14,26,30,8.22,3.8,187
25-07-14,26,26,8.15,3.5,198
26-07-14,26,22,8.18,2.9,205
27-07-14,26,25,8.12,2.3,420
28-07-14,26,23,8.15,3.2,214
29-07-14,26,25,8.35,3.6,203
30-07-14,26,28,8.28,3.7,215
31-07-14,27,20,8.19,3.3,193
1/8/2014,27,23,8.32,3.6,198
2/8/2014,27,25,8.1,3.5,201
3/8/2014,27,20,8.26,3.6,210
4/8/2014,28,26,8.46,2.7,205
5/8/2014,28,23,8.15,3.5,218
6/8/2014,27,25,8.23,3.6,198
7/8/2014,27,22,8.25,3.3,213
8/8/2014,27,21,8.14,3.4,198
9/8/2014,26,25,8.3,3.7,203
10/8/2014,26,27,8.38,3.5,198
11/8/2014,26,8.22,136,3.5,12
12/8/2014,28,27,8.31,3.3,220
13-08-14,29,29,8.51,3.4,230
14-08-14,29,26,8.25,3.6,196
15-08-14,28,20,8.16,3.2,204
16-08-14,28,23,8.35,3.6,210
17-08-14,28,30,8.26,3.3,219
18-08-14,28,29,8.25,3.6,208
19-08-14,28,27,8.35,3.2,196
20-08-14,29,30,8.51,3.4,205
21-08-14,29,28,8.2,3.6,193
22-08-14,29,25,8.23,3.6,219
23-08-14,29,28,8.32,3.5,202
24-08-14,29,27,8.32,3.6,215
25-08-14,29,30,8.22,3.3,224
26-08-14,29,26,8.2,3.7,198
27-08-14,29,27,8.29,3.6,191
28-08-14,29,30,8.41,3.5,203
29-08-14,29,31,8.42,3.9,226
30-08-14,29,27,8.32,3.5,208
31-08-14,29,30,8.22,3.7,206
1/9/2014,29,32,8.41,3.3,221
2/9/2014,29,33,8.34,3.8,219
3/9/2014,29,45,8.38,3.4,235
4/9/2014,28,42,8.3,3.6,209
5/9/2014,26,145,8.15,3.7,201
6/9/2014,26,75,8.23,3.4,181
7/9/2014,27,70,8.41,3.5,198
8/9/2014,27,60,8.18,3.7,182
9/9/2014,27,46,8.22,3.6,199
10/9/2014,27,70,8.3,3.5,214
11/9/2014,27,52,8.3,3.9,230
12/9/2014,27,47,8.27,3.5,213
13-09-14,27,58,8.3,3.8,229
14-09-14,27,46,8.36,3.5,199
15-09-14,27,42,8.24,3.7,192
16-09-14,27,38,8.36,3.8,208
17-09-14,27,40,8.18,3.6,215
18-09-14,27,43,8.34,3.7,221
19-09-14,27,35,8.14,3.8,198
20-09-14,27,32,8.26,3.5,209
21-09-14,27,28,8.09,3.1,200
21-09-14,27,28,8.09,3.1,200
22-09-14,27,26,8.28,2.6,223
23-09-14,27,25.3,8.09,3.4,198
24-09-14,27,28,8.31,3.6,201
25-09-14,27,22,8.42,3.4,218
26-09-14,27,20,8.24,3.8,196
27-09-14,27,22,8.22,3.4,212
28-09-14,27,23,8.28,2.7,220
29-09-14,24.7,18,7.96,3.7,175
30-09-14,24,18,8.1,3.3,186
1/10/2014,24,22,8.24,3.6,198
2/10/2014,24,19,8.31,3.5,189
3/10/2014,24,20,8.19,3.6,198
4/10/2014,24.4,18,7.91,3.3,315
5/10/2014,25.3,21,7.86,3.1,270
6/10/2014,25,18,7.46,2.9,285
7/10/2014,25,21,7.98,2.1,270
8/10/2014,25,20,7.86,2.9,300
9/10/2014,25,18,8.01,3.4,299
10/10/2014,25,22,7.96,2.4,305
11/10/2014,25,18,7.85,2.7,298
12/10/2014,25,20,7.9,2.6,295
13-10-14,24,17,8.08,2.8,293
14-10-14,24,22,7.92,2.4,310
15-10-14,23,19,7.84,2.8,298
16-10-14,23,16,8.1,2.9,319
17-10-14,22,16,7.64,2.5,282
18-10-14,22,21,7.88,2.8,325
19-10-14,24,20,7.4,2.4,300
20-10-14,23,23.4,7.92,2.8,315
21-10-14,22.9,15.2,7.83,2.9,312
22-10-14,22,20,7.93,2.3,318
22-10-14,22,20,7.93,2.3,318
23-10-14,22,19,7.6,2.9,280
24-10-14,22,16,7.84,3.2,319
25-10-14,21,18,8.18,3.6,393
26-10-14,21,20,7.99,2.9,290
27-10-14,21,22,7.86,2.5,274
28-10-14,21,19,7.72,2.8,298
29-10-14,21,17,7.35,2.5,285
30-10-14,21,22,7.82,2.9,305
31-10-14,21,16,7.44,2.8,280
1/11/2014,21,18,7.56,2.6,292
2/11/2014,21,19,7.86,2.8,256
3/11/2014,21,20,7.95,3.4,270
4/11/2014,21,18,7.71,2.8,250
5/11/2014,21,22,7.93,2.5,283
6/11/2014,20,20,7.45,2.8,296
7/11/2014,20,16,7.54,2.8,273
8/11/2014,20,21,7.95,2.7,322
9/11/2014,20,23,7.32,2.8,298
10/11/2014,20,19,7.43,2.5,281
11/11/2014,20,22,7.6,2.8,292
12/11/2014,20,24,7.46,2.2,299
13-11-14,20,18,7.33,2.8,273
14-11-14,20,17,7.35,2.5,298
15-11-14,20,18,7.4,2.8,250
16-11-14,20,21,7.27,2.5,269
17-11-14,170,16.2,8.38,2.8,273
18-11-14,17,16.2,8.18,2.4,359
19-11-14,16.9,17.32,8.01,2.4,302
20-11-14,16,14.2,7.99,2.8,274
21-11-14,16,18,7.82,2.7,292
22-11-14,16,20,7.48,2.9,269
23-11-14,16,18,7.49,2.9,272
24-11-14,16,17,7.68,2.8,294
25-11-14,16,15,7.93,2.4,298
26-11-14,16,18,7.44,2.7,233
27-11-14,16,20,7.86,2.5,299
28-11-14,15,17,7.92,2.7,315
29-11-14,15.7,16,8.24,2.5,260
30-11-14,15,17,8.28,2.8,259
1/12/2014,15,15.3,8.28,2.6,286
2/12/2014,15,19,8.14,2.7,307
3/12/2014,15,16,8.28,2.6,377
4/12/2014,15,18,8.3,2.4,350
5/12/2014,15,22,7.82,2.8,319
6/12/2014,14,17,8.22,2.7,303
7/12/2014,15,20,8.25,2.3,295
8/12/2014,14,16,8.33,2.8,395
9/12/2014,14,18.13,8.15,2.6,340
10/12/2014,14,16.48,8.47,2.5,305
11/12/2014,14,19,8.25,2.6,342
12/12/2014,14,16,8.35,2.8,298
13-12-14,13,20,7.96,2.6,328
14-12-14,13,22,7.45,2.8,349
15-12-14,13,17,7.6,2.4,309
16-12-14,13,23,7.65,2.5,273
17-12-14,13,25,7.48,2.7,319
18-12-14,13,21,7.88,2.6,328
19-12-14,13,27,7.32,2.3,296
20-12-14,13,23,7.29,2.5,342
21-12-14,13,20,7.25,2.4,325
22-12-14,13,18,7.2,2.4,333
23-12-14,13,16,7.35,2.7,315
24-12-14,13,22,7.54,2.4,340
25-12-14,13,19,7.31,2.8,295
26-12-14,13,18,7.28,2.6,275
27-12-14,13,17,7.46,3.4,255
28-12-14,13,19,7.77,2.9,287
28-12-14,13,19,7.77,2.9,287
29-12-14,13,25,7.32,2.6,298
30-12-14,13,24,7.25,2.8,313
31-12-14,13,21,7.6,2.2,323
31-01-16,11,22,7.64,3.6,304
1/2/2016,11,24,7.19,3.8,335
2/2/2016,11,28,7.1,3.6,347
3/2/2016,11,24,7.38,3.3,374
4/2/2016,11,21,7.23,3.6,349
5/2/2016,11,27,7.24,2.4,317
6/2/2016,11,29,7.44,2.6,335
7/2/2016,11,26,7.54,2.5,339
8/2/2016,11,23,7.78,2.2,309
9/2/2016,11,20,7.23,2.5,324
10/2/2016,11,24,7.23,3.4,306
11/2/2016,11,27,7.45,3.6,324
12/2/2016,12,29,7.48,3.2,387
13-02-16,12,22,7.24,3.5,319
14-02-16,12,25,7.48,3.4,324
15-02-16,12,27.19,7.25,3.6,349
16-02-16,12,30,7.39,3.8,310
17-02-16,13.2,28,7.18,3.5,324
18-02-16,13,25,7.49,3.7,345
19-02-16,13,28,7.2,3.5,354
20-02-16,13,26,7.49,2.7,364
21-02-16,13,29,7.48,2.8,380
22-02-16,13,25,7.25,2.6,342
23-02-16,15,21,7.32,2.7,319
24-02-16,15,23,7.19,3.4,349
25-02-16,16,25,7.48,3.6,363
26-02-16,17,26,7.25,3.8,373
27-02-16,17,28,7.29,3.6,342
28-02-16,11,20.16,7.21,2.4,335
29-02-16,14,19,7.48,2.7,297
1/3/2016,14,21,7.42,3.6,314
2/3/2016,14,16,7.67,3.3,295
3/3/2016,15,18,7.54,3.6,324
4/3/2016,15,20,7.24,3.5,347
5/3/2016,15,14,7.6,3.2,382
6/3/2016,15,16,7.29,3.6,422
7/3/2016,15,19,7.48,3.4,399
8/3/2016,15,16,7.18,3.8,382
9/3/2016,15,18,7.37,3.3,359
10/3/2016,15,14,7.31,3.1,350
11/3/2016,12,26,7.48,2.7,273
12/3/2016,15,16,7.49,3.3,358
13-03-16,15,19,7.54,3.6,371
14-03-16,15,22,7.53,3.4,382
15-03-16,12,26,7.48,2.7,273
16-03-16,15,20,7.41,3.3,367
17-03-16,15,22,7.19,3.6,383
18-03-16,15,21,7.34,3.3,358
19-03-16,15,23,7.21,3.6,374
20-03-16,15,25,7.53,3.5,392
21-03-16,15,23,7.49,3.2,347
22-03-16,15,25,7.23,3.6,318
23-03-16,15,21,7.39,3.7,335
24-03-16,15,26,7.99,3.3,382
25-03-16,15,23,7.84,3.6,358
26-03-16,15,18,7.37,2.4,356
27-03-16,15,20,7.4,2.4,370
28-03-16,15,18,7.27,2.2,369
29-03-16,15,17,7.17,2.2,370
30-03-16,15,14,7.23,2.4,358
31-03-16,14,16,7.2,3.3,368
1/4/2016,14,16,7.14,2.4,350
2/4/2016,14,19,7.1,2.5,332
3/4/2016,14,12,7.21,2.1,365
4/4/2016,14,16,7.42,2.6,390
5/4/2016,14,21,7.18,2.7,358
6/4/2016,14,18,7.39,2.3,342
7/4/2016,15,20,7.54,3.6,327
8/4/2016,16,23,7.48,3.3,308
9/4/2016,16,21,7.15,3.6,335
10/4/2016,15,11.8,7.33,3.1,300
11/4/2016,16,18,7.48,3.4,312
12/4/2016,17,19,7.18,3.6,328
13-04-16,17,20,7.28,3.3,342
14-04-16,18,23,7.54,3.6,348
15-04-16,18,20,7.23,3.3,319
16-04-16,18,25,7.41,3.6,329
17-04-16,18,21,7.37,2.1,320
18-04-16,18,23,7.56,2.7,336
19-04-16,19,20,7.7,3.4,312
20-04-16,18,23,7.56,3.7,363
21-04-16,18,18,7.89,3.3,342
22-04-16,18,22,7.62,3.4,397
23-04-16,18,20,7.33,3.2,368
24-04-16,18,12.11,7.3,2.4,361
25-04-16,18,16,7.21,2.1,360
26-04-16,19,14,7.4,2.1,368
27-04-16,19,13,7.3,2.8,375
28-04-16,19,12,7.21,2.1,370
29-04-16,19,14,7.27,2.3,369
30-04-16,19,12,7.21,2.4,360
1/5/2016,19,11,7.24,2.2,350
2/5/2016,20,23,7.49,3.6,382
3/5/2016,21,18,7.48,4.4,347
4/5/2016,22,19,7.74,4.5,392
5/5/2016,22,21,7.35,4.4,310
6/5/2016,22,25,7.19,4.6,327
7/5/2016,22,21,7.23,4.3,346
8/5/2016,22,23,7.42,4.64,359
9/5/2016,23,21,7.54,4.3,292
10/5/2016,23,24,7.32,4.5,267
11/5/2016,23,18,7.44,3.8,292
12/5/2016,21,14,7.28,2.4,270
13-05-16,23,21,7.45,3.6,282
14-05-16,23,18,7.38,2.4,270
15-05-16,23,20,7.15,3.4,282
16-05-16,23,25,7.35,3.7,324
17-05-16,23,27,7.55,3.6,348
18-05-16,23,29,7.15,3.3,382
19-05-16,23,32,7.35,3.6,395
20-05-16,24,30,7.14,3.3,367
21-05-16,24,33,7.33,3.9,392
22-05-16,23,30,7.25,3.1,360
23-05-16,23,28,7.19,3.6,294
24-05-16,22,33,7.1,3.9,422
25-05-16,22,35,7.29,3.3,436
26-05-16,22,34,7.33,3.8,399
27-05-16,22,32,7.19,3.3,413
28-05-16,22,34,7.42,3.6,382
29-05-16,22,30,7.14,2.4,400
30-05-16,23,35,7.28,3.3,374
31-05-16,23,31,7.44,3.6,358
1/6/2016,22,3.6,7.19,3.7,378
2/6/2016,22,33,7.28,3.2,347
3/6/2016,23,35,7.13,3.7,346
4/6/2016,23,34,7.34,3.3,357
5/6/2016,23,30,7.18,2.4,375
6/6/2016,23,34,7.19,2.2,368
7/6/2016,23,33,7.78,3.8,392
8/6/2016,23,31,7.28,3.3,360
9/6/2016,22,30,7.69,3.6,374
10/6/2016,23,33,7.28,3.6,359
11/6/2016,23,31,7.63,3.6,367
12/6/2016,23,28,7.4,3.8,375
13-06-16,23,36,7.14,3.8,362
14-06-16,23,31,7.3,3.7,373
15-06-16,23,35,7.39,3.3,392
16-06-16,22,36,7.82,3.7,407
17-06-16,23,32,7.54,3.8,392
18-06-16,23,35,7.74,3.5,372
19-06-16,23,33,7.7,3.4,360
20-06-16,23,36,7.32,3.6,373
21-06-16,22,33,7.54,3.2,392
22-06-16,23,37,7.14,3.6,363
23-06-16,23,31,7.44,3.8,382
24-06-16,23,35,7.36,3.6,346
25-06-16,24,37,7.54,3.6,374
26-06-16,22,34,7.48,3.2,360
27-06-16,24,35,7.25,3.7,373
28-06-16,23,32,7.49,3.5,381
29-06-16,26,37,8.34,3.6,445
30-06-16,26,32,7.39,3.3,395
1/7/2016,26,39,7.75,3.8,373
2/7/2016,26,34,7.26,3.3,359
3/7/2016,26,37,7.49,3.6,377
4/7/2016,25,31,7.26,3.7,395
5/7/2016,25,33,7.67,3.3,357
6/7/2016,25,26,7.25,3.6,329
7/7/2016,25,31,7.38,3.2,337
8/7/2016,25,30,7.48,3.4,347
9/7/2016,25,34,7.24,3.7,318
10/7/2016,25,37,7.54,3.2,342
11/7/2016,25,34,7.25,2.7,312
12/7/2016,25,30,7.5,2.2,330
13-07-16,25,36,7.59,3.6,349
14-07-16,24,32,7.16,3.5,363
15-07-16,,,,,
16-07-16,,,,,
17-07-16,23,,,,
18-07-16,23,,,,
19-07-16,24,,,,
20-07-16,22,,,,
21-07-16,23,32,7.25,3.7,290
22-07-16,24,29,7.31,3.7,298
23-07-16,25,60,7.34,3.8,300
24-07-16,22,55,7.3,3.6,290
25-07-16,24,50,738,3.4,315
26-07-16,25,53,7.18,3.3,308
27-07-16,25,1200,7.29,3.4,306
28-07-16,25,325,7.21,3.7,315
29-07-16,26,135,7.3,3.6,307
30-07-16,27,81,7.39,3.8,374
31-07-16,25,60,7.3,3.6,360
1/8/2016,25,79,7.21,3.4,355
2/8/2016,26,75,7.78,3.8,438
3/8/2016,26,70,7.39,3.6,474
4/8/2016,26,53,7.44,3.4,457
5/8/2016,27,50,7.28,3.4,382
6/8/2016,26,75,7.78,3.8,438
7/8/2016,26,70,7.39,3.6,474
8/8/2016,26,53,7.44,3.4,457
9/8/2016,27,50,7.28,3.4,382
10/8/2016,26,75,7.78,3.8,438
11/8/2016,26,70,7.39,3.6,474
12/8/2016,26,53,7.44,3.4,457
13-08-16,27,50,7.28,3.4,382
14-08-16,26,75,7.78,3.8,438
15-08-16,26,29,7.32,3.6,382
16-08-16,26,31,7.48,3.2,381
17-08-16,26,27,7.23,3.8,398
18-08-16,25,28,7.68,3.8,382
19-08-16,25,30,7.78,3.3,421
20-08-16,25,30,7.3,3.4,374
21-08-16,25,28,7.41,3.5,391
22-08-16,25,33,7.39,3.4,324
23-08-16,26,27,7.48,3.7,396
24-08-16,26,29,7.84,3.2,397
25-08-16,26,27,7.23,3.4,374
26-08-16,26,33,7.74,3.7,382
27-08-16,25,89,7.39,3.6,396
28-08-16,25,86,7.8,3.7,381
29-08-16,25,80,7.32,3.6,392
30-08-16,25,79,7.41,3.4,364
31-08-16,25,72,7.31,3.4,360
1/9/2016,25,77,7.7,3.7,386
2/9/2016,25,73,7.33,3.5,365
3/9/2016,25,60,7.73,3.3,349
4/9/2016,26,51,7.45,3.7,382
5/9/2016,26,36,7.32,3.2,382
6/9/2016,26,33,7.38,3.8,166
7/9/2016,26,35,7.18,3.7,378
8/9/2016,26,33,7.49,3.7,364
9/9/2016,26,31,7.24,3.4,370
10/9/2016,26,29,7.3,3.3,370
11/9/2016,26,27,7.43,3.4,365
12/9/2016,26,25,7.3,3.6,356
13-09-16,25,26,7.4,3.7,350
14-09-16,25,24,7.31,3.4,370
15-09-16,26,25,7.22,3.5,365
16-09-16,26,23,7.3,3.7,366
17-09-16,25,20,7.34,3.4,372
18-09-16,26,24,7.3,3.6,365
19-09-16,26,22,7.44,3.2,357
20-09-16,26,21,7.48,3.7,342
21-09-16,25,23,7.27,3.5,319
22-09-16,25,27.1,7.35,3.7,342
23-09-16,24,24,7.8,3.4,357
24-09-16,24,20,7.14,3.7,370
25-09-16,24,22,7.18,3.3,363
26-09-16,24,21,7.48,3.8,392
27-09-16,24,19,7.43,3.3,362
28-09-16,24,24,7.42,3.7,349
29-09-16,24,21,7.19,3.3,357
30-09-16,24,19,7.37,3.6,335
1/10/2016,24,16,7.54,3.5,316
2/10/2016,24,19,7.35,3.6,340
3/10/2016,23,17,7.32,3.2,369
4/10/2016,23,19,7.48,3.3,382
5/10/2016,23,22,7.19,3.7,347
6/10/2016,23,20,7.33,3.8,317
7/10/2016,22,18,7.44,3.3,395
8/10/2016,22,29,7.35,3.4,362
9/10/2016,22,20,7.4,3.4,335
10/10/2016,21,18,7.32,3.3,324
11/10/2016,21,16,7.38,3.7,309
12/10/2016,21,19,7.43,3.4,322
13-10-16,21,15,7.19,3.6,336
14-10-16,21,18,7.49,3.2,317
15-10-16,21,18,7.36,3.7,335
16-10-16,21,20,7.3,3.4,325
17-10-16,21,19,7.38,3.7,362
18-10-16,21,17,7.3,3.2,378
19-10-16,21,14,7.84,3.7,363
20-10-16,20,17,7.75,3.6,346
21-10-16,20,19,7.38,3.1,366
22-10-16,20,14,7.34,3.4,346
23-10-16,20,16,7.42,3.5,336
24-10-16,20,13,7.84,3.9,339
25-10-16,20,18,7.29,3.3,322
26-10-16,20,17,7.14,3.7,374
27-10-16,20,16,7.57,3.7,374
28-10-16,20,19,7.44,3.7,357
29-10-16,20,17,7.23,3.1,320
30-10-16,20,15,7.2,3.4,315
31-10-16,20,18,7.45,3.7,314
1/11/2016,20,14,7.35,3.6,330
2/11/2016,20,16,7.45,3.6,307
3/11/2016,20,19,7.73,3.8,316
4/11/2016,20,14,7.14,3.4,327
5/11/2016,20,22,7.45,3.7,315
6/11/2016,19,17,7.64,3.6,302
7/11/2016,19,14,7.32,3.6,31
8/11/2016,19,17,7.15,3.3,330
9/11/2016,19,18,7.41,3.2,307
10/11/2016,18,20,7.51,3.6,370
11/11/2016,18,16,7.19,3.5,362
12/11/2016,18,19,7.32,3.7,372
13-11-16,18,18,7.16,3.4,350
15-11-16,18,14,7.57,3.7,316
16-11-16,17,16,7.19,3.4,309
17-11-16,17,19,7.45,3.6,322
18-11-16,17,20,7.57,3.3,357
19-11-16,17,22,7.21,3.8,366
20-11-16,17,20,7.18,3.4,360
21-11-16,17,23,7.33,3.5,370
22-11-16,17,25,7.37,3.6,380
23-11-16,17,22,7.54,3.3,347
24-11-16,17,20,7.15,3.4,362
25-11-16,17,18,7.44,3.7,366
26-11-16,17,27,7.24,3.3,382
27-11-16,17,21,7.21,3.4,375
28-11-16,17,23,7.45,3.7,365
29-11-16,17,25,7.7,3.6,424
30-11-16,17,20,7.14,3.4,357
1/12/2016,17,23,7.44,3.7,372
2/12/2016,17,19,7.54,3.9,347
3/12/2016,17,27,7.48,3.6,356
4/12/2016,17,21,7.4,3.4,365
5/12/2016,17,24,7.45,3.7,381
6/12/2016,17,28,7.74,3.6,362
7/12/2016,17,23,7.34,3.4,366
8/12/2016,17,24,7.34,3.6,357
9/12/2016,17,20,7.44,3.7,379
10/12/2016,17,28,7.24,3.4,397
11/12/2016,17,23,7.64,3.5,366
12/12/2016,17,20,7.19,3.8,355
13-12-16,16,24,7.45,3.2,346
14-12-16,16,27,7.48,3.7,342
15-12-16,16,20,7.4,3.4,320
16-12-16,16,18,7.38,3.2,327
17-12-16,16,20,7.37,3.6,330
18-12-16,16,23,7.3,3.6,334
19-12-16,16,17,7.46,3.4,345
20-12-16,16,15,7.7,3.3,340
21-12-16,16,16,7.48,3.6,350
22-12-16,16,14,7.4,3.3,345
23-12-16,16,14,7.35,3.3,350
24-12-16,16,18,7.45,3.6,355
25-12-16,16,15,7.44,3.3,370
26-12-16,16,17,7.33,3.4,365
27-12-16,16,15,7.31,3.4,370
28-12-16,16,18,7.45,2.3,377
29-12-16,16,22,7.3,3.8,342
30-12-16,13,20,7.35,3.3,321
31-12-16,13,23,7.3,3.2,357
1/1/2017,16,18,7.4,3.3,320
2/1/2017,14,22,7.14,3.4,309
3/1/2017,14,25,7.42,3.8,322
4/1/2017,14,23,7.22,3.3,357
5/1/2017,13,21,7.52,3.4,334
6/1/2017,13,22,7.29,3.7,364
7/1/2017,13,20,7.39,3.5,349
8/1/2017,13,18,7.2,3.6,328
9/1/2017,13,16,7.16,3.3,320
10/1/2017,13,17,7.2,3.4,393
11/1/2017,13,16,7.18,3.3,320
12/1/2017,13,19,7.25,3.8,354
13-01-17,13,24,7.37,3.5,366
14-01-17,13,27,7.29,3.2,335
15-01-17,13,22,7.3,3.6,325
16-01-17,13,24,7.18,3.2,347
17-01-17,12,27,7.39,3.7,329
18-01-17,12,23,7.49,3.3,392
19-01-17,13,20,7.32,3.6,312
20-01-17,13,24,7.25,3.3,335
21-01-17,13,27,7.18,3.6,312
22-01-17,13,23,7.14,3.3,309
23-01-17,13,27,7.39,3.4,342
24-01-17,13,32,7.7,3.7,342
25-01-17,13,38,7.41,3.2,394
26-01-17,13,45,7.22,3.7,362
27-01-17,136,34,7.41,3.2,366
28-01-17,12,30,7.29,3.4,373
29-01-17,12,28,7.34,3.4,370
30-01-17,13,24,7.37,3.2,368
31-01-17,13,22,7.14,3.4,372
1/2/2017,12,27,7.45,3.5,377
2/2/2017,12,23,7.39,3.7,359
3/2/2017,12,26,7.37,3.3,367
4/2/2017,12,29,7.26,3.5,369
5/2/2017,12,21,7.39,3.8,366
6/2/2017,12,29,7.63,3.9,382
7/2/2017,12,24,7.41,3.4,342
8/2/2017,12,20,7.35,3.7,362
9/2/2017,12,23,7.45,3.3,369
10/2/2017,12,26,7.18,3.8,357
11/2/2017,12,23,7.42,3.2,367
12/2/2017,12,27,7.59,3.5,377
13-02-17,12,22,7.25,3.2,358
14-02-17,12,27,7.33,3.4,373
15-02-17,14,27,7.82,3.8,396
16-02-17,14,24,7.42,3.6,319
17-02-17,15,22,7.14,3.7,412
18-02-17,15,26,7.26,3.5,362
19-02-17,15,20,7.41,3.4,410
20-02-17,15,25,7.39,3.8,396
21-02-17,15,21,7.39,3.7,347
22-02-17,15,23,7.48,3.4,332
23-02-17,15,28,7.22,3.6,335
24-02-17,15,22,7.23,3.4,342
25-02-17,15,29,7.33,3.8,307
26-02-17,15,20,7.16,3.4,315
27-02-17,15,23,7.44,3.3,361
28-02-17,15,24,7.19,3.4,348
1/3/2017,15,22,7.44,3.8,362
2/3/2017,15,27,7.48,3.3,331
3/3/2017,15,29,7.15,3.6,366
4/3/2017,15,24,7.23,3.3,346
5/3/2017,16,27,7.45,3.6,370
6/3/2017,16,22,7.45,3.6,347
7/3/2017,17,20,7.45,3.6,322
8/3/2017,15,28,7.32,3.2,361
9/3/2017,16,25,7.42,3.6,326
10/3/2017,16,28,7.27,3.4,320
11/3/2017,16,20,7.84,3.7,335
12/3/2017,17,23,7.28,3.4,360
13-03-17,17,26,7.42,3.3,346
14-03-17,17,22,7.14,3.8,324
15-03-17,17,28,7.37,3.4,317
16-03-17,17,22,7.49,3.7,346
17-03-17,17,21,7.4,3.3,320
20-03-17,17,25,7.39,3.6,316
21-03-17,18,27,7.45,3.2,342
22-03-17,18,23,7.39,3.4,325
23-03-17,18,21,7.31,3.3,323
24-03-17,18,23,7.34,3.3,315
25-03-17,18,21,7.3,3.4,335
26-03-17,18,25,7.37,3.8,311
27-03-17,18,27,7.15,3.4,369
28-03-17,18,27,7.45,3.8,346
29-03-17,18,20,7.7,3.7,340
30-03-17,18,27,7.45,3.5,346
31-03-17,20,25,7.14,3.7,267
1/4/2017,21,22,7.39,3.5,270
2/4/2017,21,26,7.41,3.7,246
3/4/2017,21,23,7.31,3.2,267
4/4/2017,21,27,7.43,3.8,296
5/4/2017,22,29,9.73,3.7,268
7/4/2017,22,21,7.27,3.8,249
8/4/2017,22,27,7.59,3.6,261
9/4/2017,22,29,7.19,3.7,282
10/4/2017,22,20,7.45,3.9,316
11/4/2017,22,23,7.84,3.3,373
12/4/2017,22,20,7.15,3.7,359
13-04-17,22,23,7.44,3.9,392
14-04-17,18,10,7.33,6.8,235
14-04-17,23,27,7.49,3.6,379
15-04-17,23,21,7.7,3.3,357
15-04-17,23,21,7.7,3.3,357
17-04-17,23,25,7.44,3.8,346
17-04-17,23,25,7.44,3.8,346
18-04-17,23,27,7.19,3.8,363
19-04-17,23,22,7.45,3.7,435
21-04-17,23,32,7.48,3.7,368
22-04-17,23,21,7.59,3.4,296
23-04-17,23,26,7.18,3.3,311
24-04-17,23,28,7.7,1.75,342
25-04-17,23,30,7.64,3.8,374
28-04-17,23,23,7.45,3.2,272
29-04-17,19,13,7.18,4.4,158
30-04-17,19,15,7.45,4.6,186
2/5/2017,20,25,7.39,3.8,216
2/5/2017,20,25,7.39,3.8,216
11/5/2017,21,18,7.31,3.7,266
12/5/2017,21,17,7.44,3.4,269
13-05-17,21,19,7.37,3.7,285
14-05-17,21,16,7.3,3.2,282
15-05-17,21,15,7.44,3.4,275
16-05-17,2,18,7.75,3.2,266
18-05-17,20,17,7.2,3.3,280
19-05-17,20,15,7.25,3.4,272
23-05-17,22,23,7.45,3.7,273
24-05-17,22,21,7.15,3.4,271
25-05-17,22,19,7.52,3.8,296
25-05-17,21,17,7.32,3.3,216
26-05-17,24,25,7.29,3.2,270
27-05-17,24,20,7.49,3.8,318
28-05-17,24,16,7.3,3.3,306
29-05-17,25,19,7.45,3.8,318
30-05-17,20,21,7.21,3.3,307
31-05-17,26,23,7.49,4.3,321
1/6/2017,26,20,7.15,4.4,326
2/6/2017,26,24,7.41,4.3,301
3/6/2017,26,26,7.22,4.8,320
5/6/2017,27,21,7.53,4.7,295
6/6/2017,27,21,7.53,4.2,248
7/6/2017,27,27,7.37,4.3,272
11/6/2017,26,18,7.37,3.9,317
12/6/2017,26,20,7.21,4.8,312
15-06-17,26,19,7.21,3.1,305
18-06-17,27,16,7.2,3.4,273
19-06-17,23,20,7.32,3.8,312
20-06-17,23,26,7.19,3.2,321
21-06-17,23,21,7.45,3.6,366
22-06-17,23,23,7.57,3.3,316
23-06-17,23,21,4.33,3.8,296
24-06-17,24,27,7.57,4.8,270
25-06-17,25,23,7.19,5.8,281
26-06-17,25,28,7.35,5.9,264
27-06-17,25,20,7.53,6.4,296
28-06-17,24,23,7.62,6.9,257
29-06-17,26,41,7.22,6.7,257
30-06-17,26,38,7.24,6.8,192
1/7/2017,26,30,7.59,5.9,214
2/7/2017,26,32,7.15,5.4,240
3/7/2017,27,29,7.37,5.8,219
4/7/2017,27,26,7.49,4.8,219
5/7/2017,27,22,7.15,4.3,266
6/7/2017,27,28,7.32,4.8,295
7/7/2017,27,20,7.21,4.7,266
8/7/2017,27,25,7.34,4.4,285
9/7/2017,27,29,7.15,3.8,264
10/7/2017,26,22,7.16,3.6,280
12/7/2017,23,78,7.28,3.1,263
13-07-17,22,306,7.26,3.9,292
14-07-17,26,312,7.18,3.7,267
15-07-17,28,170,7.18,1.7,146
16-07-17,30,95,7.45,1.8,166
17-07-17,28,65,7.35,1.3,285
18-07-17,28,58,7.29,1.5,246
19-07-17,28,47,7.18,1.7,240
21-07-17,27,35,7.55,1.8,227
22-07-17,27,29,7.15,1.6,196
23-07-17,26,26,7.45,1.4,187
25-07-17,26,29,7.32,2.6,216
26-07-17,26,25,7.51,2.1,172
27-07-17,26,27,7.22,2.3,196
28-07-17,26,21,7.14,2,324
29-07-17,26,25,7.37,1.7,317
30-07-17,26,540,7.27,2.1,208
31-07-17,27,295,7.2,2.4,212
1/8/2017,26,123,7.16,2.7,199
2/8/2017,27,120,7.24,2.2,206
4/8/2017,28,67,7.23,2.1,208
6/8/2017,28,37,7.22,1.7,198
7/8/2017,28,28,7.18,1.7,201
7/8/2017,28,28,7.18,1.7,201
8/8/2017,28,18,7.23,1.3,184
9/8/2017,26,16,7.2,1.4,187
10/8/2017,28,650,7.18,1.9,196
11/8/2017,28,122,7.11,1.8,206
12/8/2017,28,85,7.2,1.9,208
13-08-17,28,60,7.14,1.6,203
14-08-17,28,30,7.3,2.3,195
15-08-17,28,19,7.16,1.9,185
16-08-17,28,17,7.27,1.7,196
17-08-17,28,15,7.18,1.1,193
18-08-17,28,18,7.39,1.3,214
19-08-17,28,16,7.15,1.6,196
20-08-17,28,14,7.11,1.9,187
21-08-17,28,18,7.29,1.7,209
22-08-17,28,15,7.45,2.2,224
23-08-17,28,17,7.19,2.5,199
26-08-17,28,27,7.62,3.9,185
27-08-17,28,33,7.18,3.1,199
28-08-17,28,38,7.42,3.3,191
29-08-17,28,31,7.19,3.8,172
31-08-17,28,22,7.45,3.3,214
1/9/2017,28,20,7.2,3.2,208
2/9/2017,28,18,7.16,3.4,210
3/9/2017,28,17,7.12,3.7,200
4/9/2017,26,18,7.18,3.4,216
5/9/2017,26,15,7.16,3.9,210
7/9/2017,26,12,7.4,3.9,208
8/9/2017,26,17,7.51,3.9,215
9/9/2017,26,16,7.34,3.4,206
11/9/2017,25,39,7.7,3.2,224
14-09-17,25,25,7.39,3.7,181
16-09-17,23,15,7.23,3.1,204
18-09-17,22,16,7.39,3,199
19-09-17,22,12,7.25,3.6,210
20-09-17,24,15,7.29,3.2,196
22-09-17,27,18,7.18,3.8,199
24-09-17,27,8,7.11,3.6,155
25-09-17,25,15,7.31,3.2,178
26-09-17,23,11,7.39,3.1,192
27-09-17,23,10,7.13,3.7,164
28-09-17,23,15,7.31,3.1,170
1/10/2017,22,16,7.2,3.2,176
2/10/2017,22,18,7.42,3.5,159
3/10/2017,22,18,7.52,3,196
4/10/2017,22,15,7.22,3.2,181
5/10/2017,22,12,7.41,3.1,211
7/10/2017,22,17,7.41,3.4,175
9/10/2017,22,15,7.18,3.1,170
10/10/2017,22,13,7.45,2.8,185
11/10/2017,22,12,7.48,3.5,186
12/10/2017,22,9,7.3,3.6,204
13-10-17,23,14,7.52,3.2,178
14-10-17,23,11,7.34,3.6,192
16-10-17,22,10,7.29,3.3,170
18-10-17,22,13,7.47,3.3,195
19-10-17,23,15,7.14,3.7,172
20-10-17,23,12,7.59,3.2,216
21-10-17,23,17,7.28,3.3,199
23-10-17,23,10,7.39,3.5,180
25-10-17,23,11,7.36,3.1,195
27-10-17,23,13,7.32,3.2,162
28-10-17,23,15,7.45,3.8,192
30-10-17,23,17,7.22,3.4,164
31-10-17,22,12,7.42,3.7,216
1/11/2017,22,13,7.14,3.2,198
3/11/2017,20,18,7.29,3.2,173
4/11/2017,20,15,7.1,3.4,181
5/11/2017,20,11,7.1,3.6,185
6/11/2017,22,13,7.23,3,198
7/11/2017,21,15,7.52,3.3,169
8/11/2017,21,13,7.39,3.2,192
9/11/2017,21,18,7.19,3.5,211
10/11/2017,21,19,7.14,3.2,173
11/11/2017,21,16,7.11,3.3,201
12/11/2017,21,14,7.16,3.2,208
13-11-17,20,14,7.12,3.3,206
15-11-17,18,21,7.2,3.4,195
16-11-17,18,19,7.18,3.6,208
17-11-17,22,22,7.25,3.2,204
18-11-17,22,20,7.2,3.4,201
19-11-17,22,18,7.16,3.3,195
20-11-17,21,15,7.8,3.1,186
22-11-17,20,13,7.24,3.1,207
23-11-17,20,19,7.49,3.5,224
24-11-17,20,16,7.54,3.5,13
28-11-17,20,12,7.63,3.5,221
29-11-17,19,15,7.69,3.2,182
30-11-17,19,20,7.35,3,199
2/12/2017,20,17,7.25,3.1,196
3/12/2017,20,13,7.45,3.4,174
5/12/2017,20,18,7.59,3.1,216
6/12/2017,18,14,7.15,3.2,180
7/12/2017,16,19,7.41,3.1,157
8/12/2017,13,16,7.45,3.5,181
9/12/2017,13,22,7.54,3.5,196
9/12/2017,13,22,7.54,3.5,196
10/12/2017,13,18,7.5,3.3,208
11/12/2017,15,23,7.19,3.2,235
12/12/2017,15,22,7.41,3.1,199
13-12-17,15,27,7.33,3.5,230
14-12-17,14,81,7.62,3.2,274
15-12-17,15,67,7.3,3.3,223
16-12-17,15,35,7.25,3.2,220
17-12-17,15,18,7.2,3.4,217
18-12-17,14,20,7.92,3.2,235
19-12-17,14,25,7.53,3.2,206
20-12-17,13,27.9,7.42,3.3,196
21-12-17,13,22,7.33,3.2,214
22-12-17,14,29,7.52,3.2,246
23-12-17,14,22,7.14,3.2,172
24-12-17,14,20,7.38,3.2,13
25-12-17,16,20,7.12,3.1,175
26-12-17,16,18,7.23,3.2,160
26-12-17,20,13,7.59,3.3,176
27-12-17,14,29,7.18,3.1,185
28-12-17,14,22,7.64,3.3,195
29-12-17,16,16,7.2,3.1,170
30-12-17,15,18,7.49,3.2,184
31-12-17,15,16,7.4,3.4,175
31-12-17,15,16,7.4,3.4,175
31-12-17,15,16,7.4,3.4,175
31-12-17,15,16,7.4,3.4,175
31-12-17,15,16,7.4,3.4,175
1/1/2018,15,19,7.49,3.3,252
2/1/2018,15,23,7.64,3.6,198
3/1/2018,15,25,7.4,3.2,223
4/1/2018,15,19,7.53,3.3,236
5/1/2018,15,22,7.23,3.2,211
6/1/2018,14,16,7.2,2.9,210
7/1/2018,14,18,7.95,2.4,201
8/1/2018,14,20,7.73,2.2,174
9/1/2018,14,23,7.64,2.5,195
10/1/2018,15,25,7.39,2.3,205
11/1/2018,14,18,7.7,2.4,175
12/1/2018,15,27,7.33,2.5,170
13-01-18,15,30,7.64,2.4,182
14-01-18,15,18,7.6,2.2,175
15-01-18,15,18,7.5,2.3,174
16-01-18,14,22,7.73,2.1,196
17-01-18,14,20,7.4,2.2,300
18-01-18,13,24,7.71,2.8,170
19-01-18,13,21,7.15,3.4,196
20-01-18,14,23,7.45,2.4,262
21-01-18,14,18,7.4,2.6,306
22-01-18,14,23,7.74,2.3,364
23-01-18,15,20,7.36,2.3,323
24-01-18,15,24,7.17,2.1,218
25-01-18,14,26,7.14,2.4,209
26-01-18,14,21,7.37,2.2,186
27-01-18,12,23,7.98,2.5,164
28-01-18,14,18,7.3,3.5,194
29-01-18,14,21,7.95,2.3,180
30-01-18,14,23,7.92,2.4,192
31-01-18,13,22,7.64,2.2,196
1/2/2018,13,25,7.92,2.4,196
2/2/2018,14,19,7.82,2.6,218
3/2/2018,14,29,7.95,2.3,241
4/2/2018,14,27,7.9,2.4,240
5/2/2018,14,24,7.96,2.6,245
6/2/2018,14,26,7.19,2.3,236
7/2/2018,13,20,8.23,6.7,213
8/2/2018,13,15,8.41,6.6,199
9/2/2018,13,18,8.32,6,284
10/2/2018,13,22,8.54,6.2,218
11/2/2018,13,12,8.1,6.7,240
12/2/2018,13,14,8.2,6.2,235
13-02-18,13,15,8.37,6.7,211
14-02-18,12,19,8.21,6.4,240
14-02-18,12,15,7.45,5.9,210
15-02-18,12,16,8.43,6.2,216
15-02-18,12,11,7.63,5.8,230
16-02-18,12,12,8.51,6.4,227
17-02-18,13,19,8.57,6.2,216
18-02-18,13,16,8.48,5.9,215
19-02-18,13,16,8.44,6.2,250
20-02-18,13,18,8.45,6.7,299
21-02-18,13,19,8.15,5.9,235
22-02-18,15,17,8.31,6.3,219
23-02-18,15,16,8.2,6.4,220
24-02-18,15,20,8.37,6.4,236
25-02-18,15,23,8.69,6.6,228
26-02-18,15,18,8.35,6.1,234
27-02-18,15,16,8.3,6.4,230
28-02-18,15,17,8.28,6.3,234
1/3/2018,15,11,8.3,5.9,270
2/3/2018,15,18,8.22,6.6,262
3/3/2018,15,20,8.54,6.6,246
4/3/2018,15,22,8.29,6.5,220
5/3/2018,15,12,8.34,6.2,235
6/3/2018,14,12,7.98,6.8,214
7/3/2018,14,10,7.92,6,196
8/3/2018,14,13,7.98,6.8,210
9/3/2018,14,15,7.84,6.5,224
10/3/2018,14,18,7.49,6.3,245
11/3/2018,14,22,7.19,6.8,214
12/3/2018,14,12,7.82,6.6,219
13-03-18,15,16,7.63,6.3,214
14-03-18,14,18,7.32,6.2,240
15-03-18,14,15,7.64,6.7,219
16-03-18,14,14,7.6,6.3,215
17-03-18,14,18,7.56,6.3,217
18-03-18,14,20,7.49,6.7,213
19-03-18,14,13,7.19,6.4,198
20-03-18,14,16,7.45,6.7,230
21-03-18,14,14,7.23,6.3,246
22-03-18,15,17,7.54,6.8,214
23-03-18,15,22,7.45,6.3,231
24-03-18,15,23,7.24,6.7,246
25-03-18,16,18,7.54,6.2,280
26-03-18,16,14,7.5,6.1,273
27-03-18,16,12,7.41,5.9,274
28-03-18,16,10,7.38,6.3,275
29-03-18,16,13,7.65,6.7,249
30-03-18,16,17,7.49,6.3,230
31-03-18,16,20,7.14,6.1,224
1/4/2018,14,19,7.59,6.8,249
2/4/2018,15,25,7.41,6.4,231
3/4/2018,16,21,7.19,6.5,246
4/4/2018,20,17,7.49,6.2,234
5/4/2018,20,19,7.64,6.8,246
6/4/2018,19,16,7.39,6.2,231
7/4/2018,18,15,7.64,6.7,246
8/4/2018,18,17,7.19,6.3,234
9/4/2018,18,21,7.3,6.8,214
10/4/2018,18,15,7.73,6.5,224
11/4/2018,18,16,7.19,6.2,245
12/4/2018,18,12,7.45,6.7,246
13-04-18,18,14,7.19,6.1,280
15-04-18,18,13,7.19,6.3,310
16-04-18,18,15,7.49,6.5,245
17-04-18,18,10,7.14,6.1,218
18-04-18,19,17,7.32,6.3,231
19-04-18,19,15,7.44,6.7,224
20-04-18,20,13,7.51,6.4,249
21-04-18,20,60,7.23,6.3,217
22-04-18,20,40,7.2,6.4,215
23-04-18,16,30,7.81,2.1,243
24-04-18,16,25,7.47,2.6,238
25-04-18,16,21,7.7,2.5,240
26-04-18,16,18,7.68,2.3,243
27-04-18,16,14,7.6,2.6,240
28-04-18,16,15,7.5,2.6,245
29-04-18,16,12,7.51,2.9,244
30-04-18,21,13,7.23,6.8,460
1/5/2018,21,11,7.2,6.7,450
2/5/2018,21,15,7.45,6.2,384
3/5/2018,21,13,7.24,6.8,335
4/5/2018,21,16,7.84,5.8,296
5/5/2018,21,20,7.29,36.3,262
6/5/2018,21,19,7.64,6.7,284
7/5/2018,21,18,7.64,6.8,340
8/5/2018,22,14,7.33,3.6,297
9/5/2018,22,19,7.7,6.8,270
10/5/2018,22,14,7.49,6.3,297
11/5/2018,22,20,7.84,6.2,392
12/5/2018,22,23,7.51,6.4,335
13-05-18,22,21,7.4,6.9,325
14-05-18,22,15,7.24,6.4,316
14-05-18,25,12,7.45,6.1,249
15-05-18,22,11,7.49,6.7,266
16-05-18,22,13,7.14,6.3,273
17-05-18,22,15,7.51,6.8,298
18-05-18,23,20,7.29,6.3,260
19-05-18,23,25,7.6,6.7,285
20-05-18,22,16,7.55,6.9,280
21-05-18,22,12,7.23,6.5,266
22-05-18,21,10,7.35,6.3,280
23-05-18,21,13,7.49,6.5,296
24-05-18,22,15,7.33,6.3,265
25-05-18,22,14,7.23,6.8,285
26-05-18,22,10,7.43,6.3,266
27-05-18,22,10,7.2,6.7,280
28-05-18,22,13,7.49,6.3,296
29-05-18,22,14,7.23,6.8,274
30-05-18,22,12,7.34,6.5,270
31-05-18,22,14,7.19,6.6,297
1/6/2018,22,12,7.42,6.3,266
2/6/2018,22,16,7.23,6.8,268
3/6/2018,22,10,7.2,6.5,280
4/6/2018,22,13,7.32,6.2,270
5/6/2018,22,15,7.4,6.8,285
6/6/2018,22,18,7.92,6.1,276
7/6/2018,22,14,7.82,6.6,445
8/6/2018,23,11,7.35,6.3,413
9/6/2018,23,15,7.43,6.8,446
10/6/2018,23,18,7.19,6.5,381
11/6/2018,23,13,7.54,6.3,346
12/6/2018,23,10,7.19,6.9,299
13-06-18,23,13,7.51,6.4,292
15-06-18,22,10,7.2,6.1,270
16-06-18,22,8,7.13,6.4,282
17-06-18,22,1000,7.41,6.7,280
18-06-18,21,228,7.4,6.5,290
19-06-18,20,112,7.38,6.4,280
20-06-18,21,75,7.3,6.5,300
21-06-18,21,70,7.42,6.4,306
22-06-18,22,55,7.54,6.8,296
23-06-18,23,45,7.39,6.3,270
24-06-18,23,29,7.34,6.8,290
25-06-18,23,27.1,7.51,6.6,299
26-06-18,23,24,7.64,6.7,239
27-06-18,23,25,7.4,6.3,224
28-06-18,23,27,7.64,6.8,248
29-06-18,23,22,7.39,6.5,270
30-06-18,23,25,7.21,6.7,285
1/7/2018,23,20,7.39,6.4,273
2/7/2018,23,18,7.73,6.5,249
3/7/2018,23,20,7.21,6.8,281
4/7/2018,24,16,7.14,6.8,260
5/7/2018,24,18,7.54,6.3,296
6/7/2018,24,20,7.79,6.8,249
7/7/2018,24,22,7.25,6.6,260
8/7/2018,24,18,7.2,6.4,270
9/7/2018,24,20,7.51,6.7,249
10/7/2018,24,17,7.18,6.4,260
11/7/2018,24,22,7.37,6.8,292
12/7/2018,24,27,7.42,5.6,255
13-07-18,24,90,7.63,4.4,270
14-07-18,24,70,7.73,3.9,292
15-07-18,24,50,7.49,3.5,266
16-07-18,24,39,7.19,3.2,249
17-07-18,24,35,7.1,3,243
18-07-18,24,32,7.08,2.8,242
19-07-18,24,28,7.04,2.7,233
20-07-18,24,24,7.06,2.6,230
21-07-18,24,20,7.01,2.5,226
22-07-18,24,16,7.16,2.2,220
23-07-18,24,60,7.19,2.8,296
24-07-18,24,256,7.12,2.4,230
25-07-18,24,75,7.11,2.2,228
26-07-18,24,35,7.2,2.4,235
27-07-18,24,670,7.22,2.4,233
28-07-18,24,350,7.18,2.3,230
29-07-18,23,180,7.16,2.2,220
30-07-18,22,130,7.12,2.4,215
31-07-18,22,93,7.09,2.3,220
1/8/2018,22,60,7.16,2.2,215
2/8/2018,22,50,7.12,2.8,205
3/8/2018,23,35,7.24,2.9,230
4/8/2018,23,30,7.54,2.6,209
5/8/2018,23,26,7.5,2.2,205
6/8/2018,24,28,7.29,2.8,225
7/8/2018,23,22,7.51,2.3,235
8/8/2018,23,220,7.5,2.2,230
9/8/2018,22,180,7.45,2.6,220
10/8/2018,23,100,7.4,2.3,215
11/8/2018,23,56,7.35,2.2,219
12/8/2018,23,35,7.3,2.5,215
13-08-18,23,33,7.26,2.3,213
14-08-18,23,281,7.2,2.2,215
15-08-18,23,150,7.34,2.4,210
16-08-18,23,102,7.2,2.3,217
17-08-18,23,50,7.7,2.4,214
18-08-18,23,35,7.45,2.8,230
19-08-18,23,29,7.59,2.5,216
20-08-18,23,20,7.32,2.4,241
21-08-18,23,23,7.4,2.6,240
22-08-18,23,21,7.35,2.4,237
23-08-18,23,18,7.3,2.6,235
24-08-18,23,28,7.21,2.3,233
25-08-18,23,21,7.4,2.4,230
26-08-18,23,26,7.35,2.4,233
27-08-18,23,35,7.3,2.1,231
28-08-18,24,350,7.18,2.3,230
29-08-18,23,180,7.16,2.2,220
30-08-18,22,130,7.12,2.4,215
31-08-18,22,93,7.09,2.3,220
1/9/2018,22,60,7.16,2.2,215
2/9/2018,23,22,7.34,2.8,266
3/9/2018,23,18,7.54,2.6,285
4/9/2018,23,21,7.19,2.5,245
5/9/2018,23,24,7.63,2.9,224
6/9/2018,23,20,7.23,2.5,240
7/9/2018,23,22,7.39,2.8,266
8/9/2018,23,17,7.18,2.6,244
9/9/2018,23,16,7.16,2.4,240
10/9/2018,23,18,7.45,2.7,216
11/9/2018,23,20,7.18,2.3,214
12/9/2018,24,21,7.62,2.6,219
13-09-18,23,18,7.29,2.3,234
14-09-18,20,22,7.1,2.8,264
15-09-18,22,19,7.14,2.8,241
16-09-18,20,16,7.16,2.4,265
17-09-18,22,15,7.29,2.4,241
18-09-18,21,17,7.51,2.9,270
19-09-18,23,20,7.21,2.3,246
20-09-18,20,14,7.12,2.6,270
21-09-18,20,12,7.18,2.3,280
22-09-18,21,20,7.73,2.8,260
23-09-18,21,16,7.6,2.3,255
24-09-18,21,18,7.29,2.6,231
25-09-18,21,14,7.31,2.8,241
26-09-18,21,14,7.45,2.4,218
27-09-18,22,16,7.14,2.8,241
28-09-18,23,20,7.33,2.4,229
29-09-18,22,13,7.24,2.9,211
30-09-18,22,20,7.64,2.4,241
1/10/2018,22,19,7.42,3.4,211
2/10/2018,25,10,7.29,3.6,185
3/10/2018,24,12,7.32,2.9,180
4/10/2018,23,15,7.29,2.4,225
5/10/2018,23,12,7.29,2.8,240
6/10/2018,22,14,7.33,2.6,266
7/10/2018,22,8,7.49,4.4,281
8/10/2018,22,6,7.48,5.3,269
9/10/2018,22,5,7.42,5.3,265
10/10/2018,22,6,7.4,5.6,268
11/10/2018,22,7,7.36,5.6,265
12/10/2018,21,8,7.3,5.8,280
13-10-18,21,7,7.21,5.5,273
14-10-18,23,11,7.32,5.8,266
15-10-18,23,14,7.45,5.6,285
16-10-18,23,12,7.14,5.4,230
17-10-18,22,16,7.73,5.8,246
18-10-18,23,12,7.39,5.4,216
19-10-18,24,10,7.63,5.6,246
20-10-18,22,19,7.45,5.4,240
21-10-18,22,12,7.4,5.8,241
22-10-18,22,15,7.45,5.6,266
23-10-18,22,12,7.14,5.3,241
24-10-18,24,10,7.21,5.8,216
25-10-18,23,14,7.59,5.4,266
26-10-18,22,13,7.39,5.8,246
27-10-18,22,16,7.29,5.6,231
28-10-18,22,16,7.35,5.8,216
29-10-18,24,18,7.32,5.6,242
30-10-18,22,15,7.18,5.7,210
31-10-18,24,12,7.92,5.4,241
1/11/2018,23,14,7.21,5.3,211
2/11/2018,24,12,7.84,5.8,230
3/11/2018,23,14,7.29,5.6,210
4/11/2018,23,19,7.61,5.8,291
5/11/2018,24,10,7.51,5.8,241
6/11/2018,24,6,7.4,5.9,245
7/11/2018,24,3,7.3,5.4,235
8/11/2018,24,4,7.26,5.3,233
9/11/2018,23,11,7.39,5.8,244
10/11/2018,22,14,7.18,5.6,230
11/11/2018,23,10,7.45,5.9,298
12/11/2018,23,14,7.15,5.6,208
13-11-18,22,12,7.82,5.8,220
14-11-18,18,16,7.37,3.3,337
14-11-18,22,14,7.51,5.6,231
15-11-18,22,16,7.69,5.9,212
16-11-18,23,12,7.15,5.6,226
17-11-18,22,14,7.39,5.9,249
18-11-18,22,11,7.3,5.3,230
19-11-18,22,14,7.15,5.8,214
20-11-18,22,12,7.45,5.6,230
21-11-18,22,14,7.63,5.8,214
22-11-18,23,16,7.23,5.6,220
23-11-18,23,12,7.18,5.9,246
24-11-18,22,15,7.45,5.6,230
25-11-18,22,10,7.48,5.5,249
26-11-18,22,12,7.7,5.8,245
27-11-18,24,18,7.45,5.2,280
28-11-18,23,12,7.15,5.7,216
29-11-18,22,14,7.64,5.9,241
30-11-18,23,16,7.29,5.6,210
1/1/2019,18,13,7.23,5.4,249
2/1/2019,17,14,7.45,5.2,231
3/1/2019,16,15,7.19,5.6,270
4/1/2019,14,11,7.32,5.3,219
5/1/2019,14,13,7.42,5.4,230
6/1/2019,14,12,7.23,5.5,220
7/1/2019,13,14,7.42,5.3,230
8/1/2019,13,12,7.23,5.7,210
9/1/2019,13,15,7.38,5.4,231
10/1/2019,14,13,7.22,5.5,216
11/1/2019,13,12,7.49,5.2,241
12/1/2019,14,15,7.19,5.5,210
13-01-19,13,12,7.39,5.3,225
14-01-19,14,15,7.49,5.7,230
15-01-19,13,12,7.25,6.1,217
16-01-19,14,15,7.79,6.4,235
17-01-19,13,12,7.79,6.1,212
18-01-19,13,10,7.33,6.2,225
19-01-19,12,11,7.19,6.3,235
20-01-19,9,13,7.21,5.4,287
21-01-19,9,11,6.9,5.6,312
22-01-19,13,10,7.15,5.8,216
23-01-19,13,14,7.31,5.9,245
24-01-19,12,39,7.45,5.7,224
25-01-19,12,14,7.22,5.8,235
26-01-19,13,12,7.38,5.6,227
27-01-19,13,10,7.51,5.8,241
28-01-19,12,14,7.18,5.9,225
29-01-19,12,16,7.51,5.8,240
30-01-19,12,13,7.9,5.9,270
31-01-19,12,15,7.51,5.6,230
1/2/2019,12,12,7.15,5.9,234
2/2/2019,13,15,7.18,5.8,272
3/2/2019,12,12,7.31,5.9,240
4/2/2019,13,16,7.29,5.8,260
5/2/2019,13,12,7.45,5.9,241
6/2/2019,12,15,7.39,5.8,214
7/2/2019,12,11,7.14,5.7,251
8/2/2019,12,14,7.45,5.9,199
9/2/2019,13,18,7.29,5.6,220
10/2/2019,12,14,7.45,5.8,214
11/2/2019,12,14,7.39,5.9,195
12/2/2019,12,17,7.59,5.8,220
13-02-19,13,12,7.63,5.7,224
16-02-19,13,14,7.41,5.9,210
17-02-19,14,18,7.59,5.8,230
18-02-19,14,12,7.48,5.9,209
19-02-19,12,15,7.39,5.8,230
20-02-19,13,12,7.42,5.9,210
21-02-19,13,10,7.38,6.2,218
22-02-19,13,15,7.15,5.9,230
23-02-19,14,12,7.51,5.7,197
24-02-19,14,15,7.15,5.9,230
25-02-19,12,12,7.69,5.8,241
26-02-19,14,10,7.45,5.9,216
27-02-19,13,12,7.15,5.8,240
28-02-19,13,11,7.1,5.6,225
1/3/2019,12,13,7.45,5.9,199
2/3/2019,12,10,7.19,5.8,210
3/3/2019,12,14,7.45,5.9,224
4/3/2019,13,10,7.19,5.8,235
5/3/2019,12,13,7.45,5.9,211
6/3/2019,12,6,7.4,5.7,220
7/3/2019,12,8,7.15,5.9,210
8/3/2019,14,9,7.8,5.8,230
9/3/2019,14,12,7.22,5.9,271
10/3/2019,14,10,7.33,5.8,199
11/3/2019,14,13,7.21,5.9,240
12/3/2019,13,15,7.61,5.6,210
13-03-19,14,12,7.45,5.9,245
14-03-19,14,15,7.69,5.8,220
15-03-19,14,10,7.61,5.9,240
16-03-19,12,14,7.41,5.8,219
17-03-19,13,11,7.49,5.9,235
18-03-19,13,14,7.29,5.8,240
19-03-19,12,11,7.45,5.9,220
20-03-19,14,15,7.23,5.8,246
21-03-19,14,12,7.21,5.6,235
22-03-19,14,10,7.16,5.9,233
23-03-19,14,9,7.12,6.1,243
24-03-19,14,10,7.16,6.2,223
25-03-19,14,6,7.08,6.1,242
26-03-19,14,5.2,7.16,5.8,233
27-03-19,14,6.7,7.1,5.9,230
28-03-19,14,7.71,7.31,6.4,220
29-03-19,14,7.46,7.2,6.1,230
30-03-19,14,5,7.46,5.8,237
31-03-19,14,6,7.4,5.9,230
1/4/2019,14,4,7.35,6.2,220
2/4/2019,14,6,7.3,6.1,230
3/4/2019,14,8,7.2,5.6,228
4/4/2019,14,7,7.16,5.9,225
5/4/2019,14,5,7.1,6,228
6/4/2019,14,7,7.16,6.2,220
7/4/2019,14,5,7.19,6,230
8/4/2019,17,11,7.33,6.1,216
9/4/2019,17,13,7.55,6.3,224
10/4/2019,17,10,7.22,6.1,211
11/4/2019,16,9,7.49,6.4,230
12/4/2019,17,12,7.42,6.1,240
13-04-19,17,10,7.51,6.2,280
14-04-19,16,8,7.5,5.9,275
15-04-19,16,10,7.31,6.1,245
16-04-19,17,11,7.61,6.5,234
17-04-19,17,10,7.53,6.2,217
18-04-19,17,13,7.39,6.4,199
19-04-19,18,15,7.69,6.1,231
20-04-19,18,10,7.36,6.4,211
21-04-19,18,13,7.19,6.1,217
22-04-19,18,15,7.69,6.5,246
23-04-19,18,12,7.63,6.2,214
24-04-19,18,10,7.45,6.4,246
25-04-19,18,15,7.23,6.7,295
26-04-19,18,14,7.83,6.4,219
27-04-19,18,10,7.39,5.8,225
28-04-19,18,8,7.28,5.6,220
29-04-19,19,11,7.73,5.9,199
30-04-19,19,15,7.39,5.8,245
1/5/2019,19,8,7.3,5.6,230
2/5/2019,20,12,7.29,5.9,285
3/5/2019,19,15,7.45,6.3,246
4/5/2019,20,12,7.39,6.1,270
5/5/2019,21,16,7.61,6.4,205
6/5/2019,22,14,7.98,5.8,224
7/5/2019,19,18,7.39,6.2,240
8/5/2019,22,14,7.15,6.5,270
9/5/2019,25,10,7.39,6.1,240
10/5/2019,24,16,7.73,6.4,295
11/5/2019,25,12,7.39,6.1,246
12/5/2019,25,17,7.61,6.5,214
13-05-19,25,15,7.39,6.4,280
15-05-19,24,15,7.23,6.2,220
16-05-19,25,17,7.73,6.3,241
17-05-19,25,13,7.42,6.2,211
18-05-19,24,11,7.73,6.4,320
19-05-19,26,15,7.61,6.1,297
20-05-19,26,10,7.29,5.9,260
21-05-19,25,14,7.82,6.4,305
22-05-19,26,17,7.73,6.2,249
23-05-19,26,12,7.34,6.2,395
24-05-19,26,10,7.15,6.5,314
25-05-19,26,12,7.73,6.1,291
26-05-19,26,10,7.2,6.3,270
27-05-19,26,14,7.39,6.2,244
28-05-19,25,16,7.39,6.5,310
29-05-19,26,12,7.15,6.2,246
30-05-19,25,14,7.31,6.4,267
31-05-19,25,17,7.49,6.1,214
1/6/2019,26,13,7.39,6.4,248
2/6/2019,21,9,7.26,6.7,230
3/6/2019,24,18,7.95,6.8,392
4/6/2019,21,11,7.16,6.2,220
5/6/2019,21,10,7.12,6.5,240
6/6/2019,21,9,7.2,6.3,250
7/6/2019,21,9.4,7.16,6.6,245
8/6/2019,21,7.4,7.22,6.4,220
9/6/2019,21,8.2,7.16,6.5,244
10/6/2019,26,13,7.45,6.2,249
11/6/2019,25,18,7.49,6.7,274
12/6/2019,25,22,7.65,6.4,234
13-06-19,26,27,7.39,6.2,246
14-06-19,26,29,7.59,6.7,274
15-06-19,28,26,7.45,6.9,230
16-06-19,27,30,7.25,6.4,290
17-06-19,26,33,7.9,6.7,324
18-06-19,26,30,7.83,6.8,296
19-06-19,26,26,7.8,6.6,280
20-06-19,27,22,7.39,6.4,219
21-06-19,23,25,8.39,5.8,224
22-06-19,23,20,7.39,5.9,246
23-06-19,24,27,7.31,5.7,360
24-06-19,25,29,7.19,5.9,270
25-06-19,24,32,7.49,5.7,240
26-06-19,27,24,7.18,5.9,246
27-06-19,26,27,7.41,5.6,280
28-06-19,24,22,7.33,5.8,230
29-06-19,25,28,7.59,5.9,246
30-06-19,24,40,7.51,5.8,216
1/7/2019,26,45,7.29,5.9,290
2/7/2019,26,40,7.15,5.8,225
3/7/2019,27,48,7.9,5.9,270
4/7/2019,26,33,7.29,5.8,234
5/7/2019,26,23,7.5,5.9,260
6/7/2019,28,45,7.15,5.8,360
7/7/2019,28,22,7.3,5.9,291
8/7/2019,28,40,7.3,5.8,218
9/7/2019,27,49,7.4,5.8,241
10/7/2019,29,46,7.15,5.8,280
10/7/2019,26,49,7.84,5.9,310
15-07-19,29,49,7.8,5.9,335
16-07-19,27,42,7.3,5.6,270
17-07-19,27,45,7.3,5.9,290
18-07-19,27,50,7.49,5.7,316
19-07-19,27,60,7.45,5.9,295
20-07-19,27,52,7.73,5.8,320
21-07-19,27,48,7.39,5.9,296
22-07-19,28,52,7.49,5.7,299
23-07-19,28,50,7.4,5.9,285
24-07-19,27,46,7.3,5.8,266
25-07-19,26,60,7.53,5.9,330
26-07-19,26,111,7.31,5.8,291
27-07-19,27,70,7.79,5.9,267
28-07-19,27,43,7.24,5.8,248
29-07-19,28,36,7.54,5.7,290
30-07-19,28,32,7.49,5.9,266
31-07-19,27,30,7.39,5.8,295
1/8/2019,28,26,7.15,5.9,265
2/8/2019,28,38,7.59,5.6,317
3/8/2019,28,45,7.78,5.9,229
4/8/2019,28,60,7.15,6.5,230
5/8/2019,27,88,7.45,5.9,240
6/8/2019,27,232,7.29,5.3,335
7/8/2019,28,220,7.45,5.7,295
11/8/2019,28,224,7.4,5.8,290
12/8/2019,28,220,7.26,5.8,283
13-08-19,28,140,7.2,5.6,275
14-08-19,28,1400,7.16,5.9,260
15-08-19,28,650,7.12,5.6,275
16-08-19,28,350,7.26,5.9,260
18-08-19,28,200,7.31,5.6,250
19-08-19,28,152,7.15,5.9,224
20-08-19,29,140,7.18,5.6,296
21-08-19,27,120,7.9,5.7,280
22-08-19,27,80,7.82,5.9,291
23-08-19,27,60,7.45,5.6,280
24-08-19,28,48,7.49,5.9,240
25-08-19,28,42,7.89,5.6,196
26-08-19,27,40,7.23,5.9,214
27-08-19,25,38,7.29,5.8,241
28-08-19,26,34,7.49,5.9,264
29-08-19,26,38,7.15,5.7,240
30-08-19,24,40,7.49,5.9,216
31-08-19,26,42,7.62,5.6,246
1/9/2019,27,32,7.48,5.9,390
2/9/2019,27,30,7.8,5.6,323
3/9/2019,27,25,7.15,5.9,230
4/9/2019,27,22,7.31,5.6,211
5/9/2019,27,20,7.15,5.9,216
6/9/2019,26,18,7.29,5.8,235
7/9/2019,25,15,7.19,5.9,214
8/9/2019,26,18,7.35,5.6,240
9/9/2019,25,20,7.39,5.9,260
10/9/2019,26,24,7.51,5.8,246
11/9/2019,26,29,7.29,5.9,280
12/9/2019,26,22,7.19,5.6,270
13-09-19,26,27,7.95,5.9,217
14-09-19,25,19,7.15,5.7,240
15-09-19,25,15,7.45,5.8,290
16-09-19,24,18,7.15,5.9,243
17-09-19,27,22,7.45,5.6,260
18-09-19,24,20,7.53,5.9,295
19-09-19,24,15,7.55,5.7,230
20-09-19,23,17,7.39,5.9,230
23-09-19,24,35,7.1,5.7,220
24-09-19,25,28,7.4,5.9,260
25-09-19,26,50,7.36,5.7,240
26-09-19,24,47,7.59,5.9,266
26-09-19,,,,,
27-09-19,24,40,7.46,5.6,295
28-09-19,24,58,7.82,5.7,324
29-09-19,24,53,8.41,5.9,291
30-09-19,23,48,7.29,5.7,270
1/10/2019,24,44,7.49,5.9,249
2/10/2019,23,40,7.59,6.1,232
3/10/2019,24,44,7.45,5.9,260
4/10/2019,24,29,7.29,5.7,428
5/10/2019,23,29,7.63,5.8,370
6/10/2019,24,35,7.45,5.6,349
7/10/2019,24,30,7.15,5.9,310
8/10/2019,24,29,7.51,5.6,273
9/10/2019,24,39,7.31,5.9,241
10/10/2019,24,24,7.15,5.7,285
11/10/2019,25,30,7.39,5.9,246
12/10/2019,24,27,7.61,5.6,349
13-10-19,22,33,7.45,5.9,295
14-10-19,22,38,7.51,5.7,249
15-10-19,22,30,7.45,5,216
16-10-19,24,28,7.19,5.9,241
17-10-19,23,25,7.45,5.6,210
18-10-19,22,40,7.88,5.8,249
19-10-19,24,35,7.41,5.9,215
20-10-19,24,30,7.4,5.4,220
21-10-19,24,32,7.35,5.6,230
22-10-19,24,30,7.3,5.9,225
23-10-19,24,26,7.2,5.4,220
24-10-19,24,20,7.7,5.9,235
25-10-19,24,18,7.66,5.8,230
26-10-19,24,21,7.4,5.9,220
27-10-19,24,20,7.3,6.1,230
28-10-19,24,18,7.3,6,220
29-10-19,22,16,7.2,5.6,235
30-10-19,18,14,7.2,5.4,230
31-10-19,18,17,7.26,5.9,228
1/11/2019,20,19,7.61,5.7,210
2/11/2019,21,25,7.45,5.9,249
3/11/2019,20,29,7.8,5.7,212
4/11/2019,21,25,7.49,5.9,280
5/11/2019,22,29,7.3,5.6,240
6/11/2019,21,23,7.45,5.6,214
7/11/2019,22,20,7.15,5.9,240
8/11/2019,22,40,7.41,5.7,274
9/11/2019,27,50,7.11,5.4,485
10/11/2019,23,122,7.39,5.9,319
11/11/2019,22,70,7.7,5.7,270
12/11/2019,23,70,7.4,5.9,285
13-11-19,20,40,7.2,5.6,285
14-11-19,20,25,7.5,5.9,234
15-11-19,20,28,7.4,5.9,240
16-11-19,20,25,7.7,5.6,230
17-11-19,20,20,7.6,5.9,240
18-11-19,20,28,7.46,6.1,230
19-11-19,20,23,7.4,5.9,60
20-11-19,20,20,7.4,5.9,240
21-11-19,20,12,7.4,5.6,230
22-11-19,20,20,7.4,5.9,240
25-11-19,20,20,7.7,5.9,220
26-11-19,20,22,7.5,6.1,240
27-11-19,20,20,7.4,6.2,235
28-11-19,20,18,7.26,5.8,220
29-11-19,20,22,7.4,5.9,213
30-11-19,20,20,7.6,6.1,230
1/12/2019,20,18,7.5,6.2,220
2/12/2019,20,22,7.15,5.9,274
3/12/2019,20,21,7.2,5.7,474
4/12/2019,18,25,7.15,5.6,410
5/12/2019,19,22,7.33,6.3,299
6/12/2019,18,20,7.14,5.8,260
7/12/2019,18,19,7.25,5.9,314
8/12/2019,19,15,7.4,5.6,267
9/12/2019,18,17,7.4,5.8,380
10/12/2019,18,20,7.39,5.4,364
11/12/2019,17,16,7.15,5.9,270
12/12/2019,18,19,7.45,6.2,314
13-12-19,17,25,7.3,5.9,219
14-12-19,16,20,7.14,5.3,256
15-12-19,16,24,7.39,5.9,219
16-12-19,15,20,7.15,5.6,205
17-12-19,14,17,7.39,5.8,216
18-12-19,15,16,7.14,5.9,198
19-12-19,16,15,7.45,5.8,191
20-12-19,16,14,7.15,5.9,199
21-12-19,16,17,7.53,5.7,225
22-12-19,16,13,7.6,5.9,180
23-12-19,16,18,7.29,5.7,190
24-12-19,16,15,7.39,5.9,170
25-12-19,13,12,7.15,5.7,190
26-12-19,13,14,7.31,5.9,264
27-12-19,12,12,7.39,5.7,240
28-12-19,12,15,7.15,5.9,219
29-12-19,13,18,7.49,5.6,245
30-12-19,12,16,7.18,5.9,216
1/1/2020,12,15,7.39,5.7,246
2/1/2020,13,15,7.41,5.7,295
3/1/2020,14,19,7.45,5.9,244
4/1/2020,14,15,7.29,6.4,219
5/1/2020,14,12,7.49,6.1,230
6/1/2020,14,20,7.19,6.4,315
7/1/2020,14,22,7.49,6.1,214
8/1/2020,14,25,7.17,6.7,270
9/1/2020,15,19,7.41,6.3,289
10/1/2020,13,15,7.23,6.6,219
11/1/2020,13,18,7.39,6.3,266
12/1/2020,14,19,7.28,6.8,419
13-01-20,14,19,7.27,6.5,366
14-01-20,15,23,7.29,6.3,276
15-01-20,15,18,7.39,6.1,329
16-01-20,13,25,7.33,6.4,260
17-01-20,13,29,7.69,6.8,316
18-01-20,12,14,7.22,6.3,260
19-01-20,12,18,7.39,6.1,246
20-01-20,13,15,7.43,6.4,266
21-01-20,14,12,7.23,6.1,249
22-01-20,14,15,7.45,6.4,216
23-01-20,15,17,7.29,6.2,314
24-01-20,15,12,7.42,6.7,216
25-01-20,15,19,7.49,6.1,219
26-01-20,14,15,7.29,6.4,234
27-01-20,15,12,7.25,5.9,219
28-01-20,14,17,7.31,5.7,199
29-01-20,15,16,7.49,6.4,219
30-01-20,16,12,7.19,6.1,225
31-01-20,16,15,7.45,6.7,216
1/2/2020,15,12,7.31,6.1,208
2/2/2020,16,20,7.7,6.4,345
3/2/2020,17,22,7.88,6.4,230
4/2/2020,15,19,7.41,5.9,290
5/2/2020,15,17,7.39,5.8,216
6/2/2020,16,13,7.52,6.3,290
7/2/2020,14,12,7.22,6.7,246
8/2/2020,15,17,7.45,6.8,295
9/2/2020,15,12,7.59,6.2,249
10/2/2020,16,14,7.63,6.1,219
11/2/2020,15,11,7.27,6.3,226
12/2/2020,14,15,7.19,6.5,211
13-02-20,14,17,7.45,6.1,240
14-02-20,12,15,7.25,6.5,246
15-02-20,13,18,7.2,6.4,276
16-02-20,14,15,7.25,6.1,246
17-02-20,13,16,7.4,6.2,270
18-02-20,14,19,7.32,6.4,246
19-02-20,15,15,7.45,6.3,217
20-02-20,16,18,7.33,5.8,249
21-02-20,15,18,7.49,6.4,360
22-02-20,15,16,7.4,6.2,370
23-02-20,16,18,7.29,6.3,260
24-02-20,14,16,7.49,6.1,296
25-02-20,15,18,7.52,6.4,249
26-02-20,16,15,7.29,6.3,234
27-02-20,15,17,7.21,6.7,244
28-02-20,16,14,7.93,6.2,226
29-02-20,16,18,7.23,6.4,247
1/3/2020,16,15,7.23,6.1,219
2/3/2020,16,14,7.45,6.4,245
3/3/2020,15,16,7.49,6.2,220
4/3/2020,17,19,7.78,6.7,270
5/3/2020,16,15,7.39,6.2,260
6/3/2020,18,14,7.53,6.5,290
7/3/2020,17,19,7.23,6.1,249
8/3/2020,15,14,7.45,6.3,285
9/3/2020,16,18,7.17,6.5,217
10/3/2020,15,17,7.29,6.1,241
11/3/2020,16,14,7.23,6.4,217
12/3/2020,15,18,7.29,6.1,280
13-03-20,18,20,7.63,6.2,320
14-03-20,15,13,7.15,6.7,297
15-03-20,16,16,7.2,6.4,230
16-03-20,15,12,7.21,6.1,295
17-03-20,17,10,7.49,6.4,264
18-03-20,16,14,7.15,6.1,245
19-03-20,15,17,7.29,6.4,221
20-03-20,17,18,7.18,6.1,240
21-03-20,16,20,7.29,6.4,266
22-03-20,16,17,7.29,5.9,216
23-03-20,17,15,7.45,6.7,275
24-03-20,16,20,7.39,5.7,295
25-03-20,15,16,7.28,5.4,270
26-03-20,16,18,7.39,5.7,244
27-03-20,15,16,7.14,5.8,234
28-03-20,16,20,7.49,5.9,249
29-03-20,18,25,7.69,5.4,274
30-03-20,18,20,7.33,5.9,245
31-03-20,19,19,7.49,5.7,270
1/4/2020,20,25,7.19,5.7,241
2/4/2020,22,20,7.38,5.9,214
3/4/2020,20,15,7.29,6.1,240
4/4/2020,19,18,7.33,5.8,219
5/4/2020,18,21,7.38,5.8,234
6/4/2020,17,25,7.3,5.9,246
7/4/2020,19,23,7.29,5.8,230
8/4/2020,20,25,7.45,5.6,245
9/4/2020,21,27,7.19,5.9,219
10/4/2020,22,22,7.35,5.2,230
11/4/2020,20,15,7.29,5.9,260
12/4/2020,19,18,7.49,5.7,219
13-04-20,18,15,7.23,5.8,286
14-04-20,17,18,7.29,5.2,246
15-04-20,16,15,7.49,5.7,225
16-04-20,17,14,7.49,5.9,228
17-04-20,19,18,7.25,5.7,219
18-04-20,20,21,7.53,5.9,249
19-04-20,20,23,7.69,5.6,219
20-04-20,21,20,7.24,5.9,246
21-04-20,20,18,7.19,5.7,219
22-04-20,19,20,7.29,5.8,246
23-04-20,20,17,7.49,5.9,224
24-04-20,21,19,7.23,5.8,266
25-04-20,20,15,7.45,5.6,235
26-04-20,18,19,7.17,5.9,249
27-04-20,19,22,7.29,5.8,211
28-04-20,18,17,7.19,5.9,246
29-04-20,20,22,7.45,5.6,219
30-04-20,22,20,7.39,5.8,225
1/5/2020,20,25,7.23,5.9,280
2/5/2020,21,19,7.14,5.7,242
3/5/2020,20,24,7.29,5.9,249
4/5/2020,22,38,7.45,5.6,230
5/5/2020,20,17,7.21,5.9,229
6/5/2020,21,20,7.29,5.7,219
7/5/2020,22,25,7.45,5.9,240
8/5/2020,23,20,7.63,5.6,297
9/5/2020,24,23,7.29,5.8,390
10/5/2020,23,20,7.27,5.9,309
11/5/2020,24,27,7.45,5.8,285
12/5/2020,24,22,7.45,5.9,295
13-05-20,25,20,7.45,5.7,249
14-05-20,25,24,7.69,5.9,390
15-05-20,24,20,7.45,5.7,320
16-05-20,25,23,7.66,5.9,299
17-05-20,24,26,7.49,5.7,260
18-05-20,24,22,7.4,5.5,250
19-05-20,24,20,7.3,5.9,280
20-05-20,24,16,7.1,5.5,270
21-05-20,24,18,7.16,5.9,275
22-05-20,24,16,7.1,5.8,290
23-05-20,24,12,7.9,6,295
24-05-20,23,10,7.1,5.8,293
25-05-20,23,12,7.12,6,315
26-05-20,23,14,7.18,6.1,320
27-05-20,23,11,7.2,5.9,323
28-05-20,23,8,7.16,5.8,325
29-05-20,23,10,7.22,5.6,316
30-05-20,20,15,7.19,5.8,334
31-05-20,21,18,7.39,5.9,290
1/6/2020,20,16,7.52,5.7,249
2/6/2020,25,19,7.45,5.9,225
3/6/2020,24,33,7.29,5.8,230
4/6/2020,25,40,7.29,5.7,260
5/6/2020,24,36,7.25,5.6,285
6/6/2020,25,33,7.29,5.9,267
7/6/2020,26,38,7.45,5.8,249
8/6/2020,25,35,7.29,5.9,219
9/6/2020,23,29,7.39,5.7,240
10/6/2020,24,37.29,7.61,5.6,276
11/6/2020,23,29,7.29,5.9,217
